{"cameraMode":{"drawMode":0,"name":"Shaded","section":"Shading Mode"},"sceneLighting":true,"audioPlay":false,"sceneViewState":{"showFog":true,"showMaterialUpdate":false,"showSkybox":true,"showFlares":true,"showImageEffects":true,"showParticleSystems":true},"in2DMode":false,"pivot":{"x":-24.37297821044922,"y":2.571086883544922,"z":3.751089096069336},"rotation":{"x":-0.29736724495887759,"y":0.6619933247566223,"z":-0.3244503438472748,"w":-0.6067526936531067},"size":1.6760835647583008,"orthographic":true}